	A	R	N	D	C	Q	E	G	H	I	L	K	M	F	P	S	T	W	Y	V
A	0	14	5	11	6	7	10	2	10	5	4	10	4	10	3	4	5	12	11	3
R	14	0	11	16	15	9	18	15	10	15	14	6	11	15	14	10	9	18	17	14
N	5	11	0	12	10	4	7	4	10	5	5	8	7	13	5	5	5	13	12	4
D	11	16	12	0	11	9	5	13	18	15	14	15	11	16	11	8	7	17	17	13
C	6	15	10	11	0	8	13	9	14	7	8	15	5	9	8	6	6	11	10	7
Q	7	9	4	9	8	0	9	9	11	8	7	7	4	10	7	4	4	11	11	7
E	10	18	7	5	13	9	0	9	14	9	8	12	11	17	8	10	9	16	15	8
G	2	15	4	13	9	9	9	0	11	5	4	12	7	13	3	5	6	14	14	3
H	10	10	10	18	14	11	14	11	0	10	9	7	11	10	11	11	11	9	8	9
I	5	15	5	15	7	8	9	5	10	0	1	11	4	9	6	9	8	9	11	2
L	4	14	5	14	8	7	8	4	9	1	0	10	3	9	5	8	7	10	10	1
K	10	6	8	15	15	7	12	12	7	11	10	0	10	16	10	10	10	15	15	10
M	4	11	7	11	5	4	11	7	11	4	3	10	0	6	7	5	4	9	9	4
F	10	15	13	16	9	10	17	13	10	9	9	16	6	0	13	11	9	4	5	10
P	3	14	5	11	8	7	8	3	11	6	5	10	7	13	0	5	6	14	13	4
S	4	10	5	8	6	4	10	5	11	9	8	10	5	11	5	0	2	12	12	7
T	5	9	5	7	6	4	9	6	11	8	7	10	4	9	6	2	0	11	11	6
W	12	18	13	17	11	11	16	14	9	9	10	15	9	4	14	12	11	0	4	11
Y	11	17	12	17	10	11	15	14	8	11	10	15	9	5	13	12	11	4	0	11
V	3	14	4	13	7	7	8	3	9	2	1	10	4	10	4	7	6	11	11	0